head	1.1;
access;
symbols;
locks; strict;
comment	@# @;
expand	@o@;


1.1
date	2006.05.05.13.08.50;	author MarkusDoering;	state Exp;
branches;
next	;


desc
@none
@


1.1
log
@a list of repeatable elements in ABCD2.06
@
text
@/DataSets/DataSet
/DataSets/DataSet/TechnicalContacts/TechnicalContact
/DataSets/DataSet/ContentContacts/ContentContact
/DataSets/DataSet/OtherProviders/OtherProvider
/DataSets/DataSet/Metadata/Description/Representation
/DataSets/DataSet/Metadata/Scope/GeoecologicalTerms/GeoEcologicalTerm
/DataSets/DataSet/Metadata/Scope/TaxonomicTerms/TaxonomicTerm
/DataSets/DataSet/Metadata/Owners/Owner
/DataSets/DataSet/Metadata/Owners/Owner/Organisation/Name/Representation
/DataSets/DataSet/Metadata/Owners/Owner/Organisation/OrgUnits/OrgUnit
/DataSets/DataSet/Metadata/Owners/Owner/Roles/Role
/DataSets/DataSet/Metadata/Owners/Owner/Addresses/Address
/DataSets/DataSet/Metadata/Owners/Owner/TelephoneNumbers/TelephoneNumber
/DataSets/DataSet/Metadata/Owners/Owner/EmailAddresses/EmailAddress
/DataSets/DataSet/Metadata/Owners/Owner/URIs/URL
/DataSets/DataSet/Metadata/IPRStatements/IPRDeclarations/IPRDeclaration
/DataSets/DataSet/Metadata/IPRStatements/Copyrights/Copyright
/DataSets/DataSet/Metadata/IPRStatements/Licenses/License
/DataSets/DataSet/Metadata/IPRStatements/TermsOfUseStatements/TermsOfUse
/DataSets/DataSet/Metadata/IPRStatements/Disclaimers/Disclaimer
/DataSets/DataSet/Metadata/IPRStatements/Acknowledgements/Acknowledgement
/DataSets/DataSet/Units/Unit
/DataSets/DataSet/Units/Unit/Owner/Organisation/Name/Representation
/DataSets/DataSet/Units/Unit/Owner/Organisation/OrgUnits/OrgUnit
/DataSets/DataSet/Units/Unit/Owner/Roles/Role
/DataSets/DataSet/Units/Unit/Owner/Addresses/Address
/DataSets/DataSet/Units/Unit/Owner/TelephoneNumbers/TelephoneNumber
/DataSets/DataSet/Units/Unit/Owner/EmailAddresses/EmailAddress
/DataSets/DataSet/Units/Unit/Owner/URIs/URL
/DataSets/DataSet/Units/Unit/IPRStatements/IPRDeclarations/IPRDeclaration
/DataSets/DataSet/Units/Unit/IPRStatements/Copyrights/Copyright
/DataSets/DataSet/Units/Unit/IPRStatements/Licenses/License
/DataSets/DataSet/Units/Unit/IPRStatements/TermsOfUseStatements/TermsOfUse
/DataSets/DataSet/Units/Unit/IPRStatements/Disclaimers/Disclaimer
/DataSets/DataSet/Units/Unit/IPRStatements/Acknowledgements/Acknowledgement
/DataSets/DataSet/Units/Unit/UnitContentContacts/UnitContentContact
/DataSets/DataSet/Units/Unit/UnitContentContacts/UnitContentContact/Organisation/Name/Representation
/DataSets/DataSet/Units/Unit/UnitContentContacts/UnitContentContact/Organisation/OrgUnits/OrgUnit
/DataSets/DataSet/Units/Unit/UnitContentContacts/UnitContentContact/Roles/Role
/DataSets/DataSet/Units/Unit/UnitContentContacts/UnitContentContact/Addresses/Address
/DataSets/DataSet/Units/Unit/UnitContentContacts/UnitContentContact/TelephoneNumbers/TelephoneNumber
/DataSets/DataSet/Units/Unit/UnitContentContacts/UnitContentContact/EmailAddresses/EmailAddress
/DataSets/DataSet/Units/Unit/UnitContentContacts/UnitContentContact/URIs/URL
/DataSets/DataSet/Units/Unit/UnitReferences/UnitReference
/DataSets/DataSet/Units/Unit/Identifications/Identification
/DataSets/DataSet/Units/Unit/Identifications/Identification/Result/TaxonIdentified/HigherTaxa/HigherTaxon
/DataSets/DataSet/Units/Unit/Identifications/Identification/Result/TaxonIdentified/ScientificName/NameAtomised/Botanical/TradeDesignationNames/TradeDesignationName
/DataSets/DataSet/Units/Unit/Identifications/Identification/Identifiers/Identifier
/DataSets/DataSet/Units/Unit/Identifications/Identification/Identifiers/Identifier/Organisation/Name/Representation
/DataSets/DataSet/Units/Unit/Identifications/Identification/Identifiers/Identifier/Organisation/OrgUnits/OrgUnit
/DataSets/DataSet/Units/Unit/Identifications/Identification/References/Reference
/DataSets/DataSet/Units/Unit/KindOfUnit
/DataSets/DataSet/Units/Unit/SpecimenUnit/Owner/Organisation/Name/Representation
/DataSets/DataSet/Units/Unit/SpecimenUnit/Owner/Organisation/OrgUnits/OrgUnit
/DataSets/DataSet/Units/Unit/SpecimenUnit/Owner/Roles/Role
/DataSets/DataSet/Units/Unit/SpecimenUnit/Owner/Addresses/Address
/DataSets/DataSet/Units/Unit/SpecimenUnit/Owner/TelephoneNumbers/TelephoneNumber
/DataSets/DataSet/Units/Unit/SpecimenUnit/Owner/EmailAddresses/EmailAddress
/DataSets/DataSet/Units/Unit/SpecimenUnit/Owner/URIs/URL
/DataSets/DataSet/Units/Unit/SpecimenUnit/Acquisition/AcquiredFrom/Organisation/Name/Representation
/DataSets/DataSet/Units/Unit/SpecimenUnit/Acquisition/AcquiredFrom/Organisation/OrgUnits/OrgUnit
/DataSets/DataSet/Units/Unit/SpecimenUnit/Acquisition/AcquiredFrom/Roles/Role
/DataSets/DataSet/Units/Unit/SpecimenUnit/Acquisition/AcquiredFrom/Addresses/Address
/DataSets/DataSet/Units/Unit/SpecimenUnit/Acquisition/AcquiredFrom/TelephoneNumbers/TelephoneNumber
/DataSets/DataSet/Units/Unit/SpecimenUnit/Acquisition/AcquiredFrom/EmailAddresses/EmailAddress
/DataSets/DataSet/Units/Unit/SpecimenUnit/Acquisition/AcquiredFrom/URIs/URL
/DataSets/DataSet/Units/Unit/SpecimenUnit/Preparations/Preparation
/DataSets/DataSet/Units/Unit/SpecimenUnit/Preparations/Preparation/PreparationAgent/Organisation/Name/Representation
/DataSets/DataSet/Units/Unit/SpecimenUnit/Preparations/Preparation/PreparationAgent/Organisation/OrgUnits/OrgUnit
/DataSets/DataSet/Units/Unit/SpecimenUnit/Preparations/Preparation/PreparationAgent/Roles/Role
/DataSets/DataSet/Units/Unit/SpecimenUnit/Preparations/Preparation/PreparationAgent/Addresses/Address
/DataSets/DataSet/Units/Unit/SpecimenUnit/Preparations/Preparation/PreparationAgent/TelephoneNumbers/TelephoneNumber
/DataSets/DataSet/Units/Unit/SpecimenUnit/Preparations/Preparation/PreparationAgent/EmailAddresses/EmailAddress
/DataSets/DataSet/Units/Unit/SpecimenUnit/Preparations/Preparation/PreparationAgent/URIs/URL
/DataSets/DataSet/Units/Unit/SpecimenUnit/Marks/Mark
/DataSets/DataSet/Units/Unit/SpecimenUnit/History/PreviousUnits/PreviousUnit
/DataSets/DataSet/Units/Unit/SpecimenUnit/NomenclaturalTypeDesignations/NomenclaturalTypeDesignation
/DataSets/DataSet/Units/Unit/SpecimenUnit/NomenclaturalTypeDesignations/NomenclaturalTypeDesignation/TypifiedName/NameAtomised/Botanical/TradeDesignationNames/TradeDesignationName
/DataSets/DataSet/Units/Unit/ObservationUnit/ObservationUnitIdentifiers/ObservationUnitIdentifier
/DataSets/DataSet/Units/Unit/CultureCollectionUnit/CultureNames/CultureName
/DataSets/DataSet/Units/Unit/CultureCollectionUnit/References/Reference
/DataSets/DataSet/Units/Unit/MycologicalUnit/MycologicalLiveStages/MycologicalLiveStage
/DataSets/DataSet/Units/Unit/PlantGeneticResourcesUnit/AccessionNames/AccessionName
/DataSets/DataSet/Units/Unit/ZoologicalUnit/PhasesOrStages/PhaseOrStage
/DataSets/DataSet/Units/Unit/MultiMediaObjects/MultiMediaObject
/DataSets/DataSet/Units/Unit/MultiMediaObjects/MultiMediaObject/IPR/IPRDeclarations/IPRDeclaration
/DataSets/DataSet/Units/Unit/MultiMediaObjects/MultiMediaObject/IPR/Copyrights/Copyright
/DataSets/DataSet/Units/Unit/MultiMediaObjects/MultiMediaObject/IPR/Licenses/License
/DataSets/DataSet/Units/Unit/MultiMediaObjects/MultiMediaObject/IPR/TermsOfUseStatements/TermsOfUse
/DataSets/DataSet/Units/Unit/MultiMediaObjects/MultiMediaObject/IPR/Disclaimers/Disclaimer
/DataSets/DataSet/Units/Unit/MultiMediaObjects/MultiMediaObject/IPR/Acknowledgements/Acknowledgement
/DataSets/DataSet/Units/Unit/Associations/UnitAssociation
/DataSets/DataSet/Units/Unit/Assemblages/UnitAssemblage
/DataSets/DataSet/Units/Unit/NamedCollectionsOrSurveys/NamedCollectionOrSurvey
/DataSets/DataSet/Units/Unit/Gathering/Agents/GatheringAgent
/DataSets/DataSet/Units/Unit/Gathering/Agents/GatheringAgent/Organisation/Name/Representation
/DataSets/DataSet/Units/Unit/Gathering/Agents/GatheringAgent/Organisation/OrgUnits/OrgUnit
/DataSets/DataSet/Units/Unit/Gathering/Permits/Permit
/DataSets/DataSet/Units/Unit/Gathering/Project/Contact/Organisation/Name/Representation
/DataSets/DataSet/Units/Unit/Gathering/Project/Contact/Organisation/OrgUnits/OrgUnit
/DataSets/DataSet/Units/Unit/Gathering/Project/Contact/Roles/Role
/DataSets/DataSet/Units/Unit/Gathering/Project/Contact/Addresses/Address
/DataSets/DataSet/Units/Unit/Gathering/Project/Contact/TelephoneNumbers/TelephoneNumber
/DataSets/DataSet/Units/Unit/Gathering/Project/Contact/EmailAddresses/EmailAddress
/DataSets/DataSet/Units/Unit/Gathering/Project/Contact/URIs/URL
/DataSets/DataSet/Units/Unit/Gathering/NamedAreas/NamedArea
/DataSets/DataSet/Units/Unit/Gathering/NearNamedPlaces/NamedPlaceRelation
/DataSets/DataSet/Units/Unit/Gathering/SiteCoordinateSets/SiteCoordinates
/DataSets/DataSet/Units/Unit/Gathering/SiteMeasurementsOrFacts/SiteMeasurementOrFact
/DataSets/DataSet/Units/Unit/Gathering/SiteImages/SiteImage
/DataSets/DataSet/Units/Unit/Gathering/SiteImages/SiteImage/IPR/IPRDeclarations/IPRDeclaration
/DataSets/DataSet/Units/Unit/Gathering/SiteImages/SiteImage/IPR/Copyrights/Copyright
/DataSets/DataSet/Units/Unit/Gathering/SiteImages/SiteImage/IPR/Licenses/License
/DataSets/DataSet/Units/Unit/Gathering/SiteImages/SiteImage/IPR/TermsOfUseStatements/TermsOfUse
/DataSets/DataSet/Units/Unit/Gathering/SiteImages/SiteImage/IPR/Disclaimers/Disclaimer
/DataSets/DataSet/Units/Unit/Gathering/SiteImages/SiteImage/IPR/Acknowledgements/Acknowledgement
/DataSets/DataSet/Units/Unit/Gathering/Stratigraphy/ChronostratigraphicTerms/ChronostratigraphicTerm
/DataSets/DataSet/Units/Unit/Gathering/Stratigraphy/BiostratigraphicTerms/BiostratigraphicTerm
/DataSets/DataSet/Units/Unit/Gathering/Stratigraphy/LithostratigraphicTerms/LithostratigraphicTerm
/DataSets/DataSet/Units/Unit/Gathering/Synecology/AssociatedTaxa/TaxonIdentified
/DataSets/DataSet/Units/Unit/Gathering/Synecology/AssociatedTaxa/TaxonIdentified/HigherTaxa/HigherTaxon
/DataSets/DataSet/Units/Unit/Gathering/Synecology/AssociatedTaxa/TaxonIdentified/ScientificName/NameAtomised/Botanical/TradeDesignationNames/TradeDesignationName
/DataSets/DataSet/Units/Unit/MeasurementsOrFacts/MeasurementOrFact
/DataSets/DataSet/Units/Unit/Sequences/Sequence
/DataSets/DataSet/Units/Unit/Sequences/Sequence/SequencingAgent/Organisation/Name/Representation
/DataSets/DataSet/Units/Unit/Sequences/Sequence/SequencingAgent/Organisation/OrgUnits/OrgUnit
/DataSets/DataSet/Units/Unit/Sequences/Sequence/SequencingAgent/Roles/Role
/DataSets/DataSet/Units/Unit/Sequences/Sequence/SequencingAgent/Addresses/Address
/DataSets/DataSet/Units/Unit/Sequences/Sequence/SequencingAgent/TelephoneNumbers/TelephoneNumber
/DataSets/DataSet/Units/Unit/Sequences/Sequence/SequencingAgent/EmailAddresses/EmailAddress
/DataSets/DataSet/Units/Unit/Sequences/Sequence/SequencingAgent/URIs/URL
@
